"text","stim_type","item_type","is_acceptable","is_grammatical","canon_status"
"A gambler without a system has ever finished ahead. ","NPI","Partial match NPI",1.66666666666667,1.5,FALSE
"All of the garden forks without wooden handles ever have more than four tines.","NPI","Partial match NPI",1.23076923076923,1,FALSE
"All of the garden forks with wooden handles ever have more than four tines.","NPI","Unlicensed NPI",1.64705882352941,1.84615384615385,FALSE
"All the postal workers seem to have all taken a break at the same time.","expert_vs_ppnt_clash","linguistsNO_ppntsYES",4.14814814814815,3.95833333333333,FALSE
"A mad captain without a plan ever gives that order.","NPI","Partial match NPI",1,1.66666666666667,FALSE
"A man ate any spinach.","NPI","Unlicensed NPI",2.08333333333333,2.25,FALSE
"Amanda hinted to Jack there will be a pop quiz on Monday.","expert_vs_ppnt_clash","linguistsNO_ppntsYES",4.5,4.5,FALSE
"A man other than the vegetarian ate any spinach.","NPI","Partial match NPI",1.46666666666667,2.27272727272727,FALSE
"A performance not involving this style of mask has ever been traditional on Palau.","NPI","Partial match NPI",2.57142857142857,2.125,FALSE
"A pirate with no beard has ever beaten me at cards.","NPI","Partial match NPI",1.35294117647059,1.25,FALSE
"Ashley suggested to Michael he should throw a party.","expert_vs_ppnt_clash","linguistsNO_ppntsYES",4.45454545454545,4.23333333333333,FALSE
"A superhero without a cape has ever missed a chance to flaunt  it.","NPI","Partial match NPI",1.53846153846154,1.77777777777778,FALSE
"At Peter's party more toddlers ate a tasty strawberry cupcake than high schoolers did.","comparison","control",3.89473684210526,3.96296296296296,TRUE
"At Peter's party more toddlers ate a tasty strawberry cupcake than the high schooler did.","comparison","illusion",2.94117647058824,3.38709677419355,FALSE
"At the bridal shower more family members drank a tall glass of champagne than Fiona did.","comparison","illusion",3.36842105263158,3.55172413793103,FALSE
"At the bridal shower more family members drank a tall glass of champagne than friends did.","comparison","control",3.4,3.52941176470588,TRUE
"At the new cafe more women tried a new green tea drink than reluctant men did.","comparison","control",3.25,3.85185185185185,TRUE
"At the new cafe more women tried a new green tea drink than the reluctant man did.","comparison","illusion",2.96153846153846,3.07407407407407,FALSE
"At the party more seniors were talking with the professors than juniors were.","comparison","control",4.03703703703704,4.14814814814815,TRUE
"At the party more seniors were talking with the professors than the junior was.","comparison","illusion",2.17391304347826,2.43478260869565,FALSE
"Before exams ended more undergrads handed in a final paper than grad students did.","comparison","control",3.55,3.9375,TRUE
"Before exams ended more undergrads handed in a final paper than the grad student did.","comparison","illusion",3.125,3.5,FALSE
"Ben is hopeful for everyone to attend that you are.","expert_vs_ppnt_clash","linguistsYES_ppntsNO",1.14285714285714,1.44444444444444,TRUE
"Brent signaled to Samantha to excuse himself.","expert_vs_ppnt_clash","linguistsNO_ppntsYES",4.09677419354839,3.92307692307692,FALSE
"By 5 o'clock more busy telemarketers had taken an easy call than lazy telemarketers did.","comparison","control",3,3.88888888888889,TRUE
"By 5 o'clock more busy telemarketers had taken an easy call than the lazy telemarketer did.","comparison","illusion",3,3,FALSE
"Dana hopes for everyone to succeed that you do.","expert_vs_ppnt_clash","linguistsYES_ppntsNO",1.125,0.285714285714286,TRUE
"Down which street drove two cars?","expert_vs_ppnt_clash","linguistsYES_ppntsNO",3.09090909090909,3.25,TRUE
"During that war more middle-aged Alabamans were exposed to combat than the young Alaskan was.","comparison","illusion",2.52173913043478,3.42105263157895,FALSE
"During that war more middle-aged Alabamans were exposed to combat than young Alaskans were.","comparison","control",4.03703703703704,4.57142857142857,TRUE
"Each performance involving this style of mask has ever been traditional on Palau.","NPI","Unlicensed NPI",1.69230769230769,1.30769230769231,FALSE
"Emma thought for a moment her friend was at the door.","expert_vs_ppnt_clash","linguistsNO_ppntsYES",4.375,4.19354838709677,FALSE
"Every island that has ground birds has any rats.","NPI","Unlicensed NPI",1.4,1.1,FALSE
"Everyone who believed ever said so much as a word about it.","NPI","Unlicensed NPI",0.625,1.125,FALSE
"Every pirate with no beard has ever beaten me at cards.","NPI","Unlicensed NPI",1.90909090909091,1.83333333333333,FALSE
"Every superhero with a cape has ever missed a chance to flaunt  it.","NPI","Unlicensed NPI",1.61904761904762,1.125,FALSE
"Few gamblers with a system have ever finished ahead.","NPI","Valid NPI",3.88461538461538,3.54166666666667,TRUE
"Few islands that have ground birds have any rats.","NPI","Valid NPI",3.69565217391304,3.73913043478261,TRUE
"Greg put more onions in the soup than Lana did in the salad.","expert_vs_ppnt_clash","linguistsNO_ppntsYES",4.17647058823529,4.7,FALSE
"He anticipates that everyone will meet Susie that you do.","expert_vs_ppnt_clash","linguistsYES_ppntsNO",0.571428571428571,2.2,TRUE
"He envied me my success after the promotion.","expert_vs_ppnt_clash","linguistsYES_ppntsNO",1.88888888888889,2.625,TRUE
"I anticipate that everybody will visit Jack that you do.","expert_vs_ppnt_clash","linguistsYES_ppntsNO",1.125,1,TRUE
"I anticipate that everybody will watch Melissa that you do.","expert_vs_ppnt_clash","linguistsYES_ppntsNO",3.25,1,TRUE
"I anticipate that everyone will see John that you do.","expert_vs_ppnt_clash","linguistsYES_ppntsNO",1.9,0.5,TRUE
"I believed a friend of Andy satisfied.","expert_vs_ppnt_clash","linguistsYES_ppntsNO",1,2,TRUE
"I expect that everyone will praise Ricky that you do.","expert_vs_ppnt_clash","linguistsYES_ppntsNO",1.1875,1.2,TRUE
"I expect that everyone will visit Mary that you do.","expert_vs_ppnt_clash","linguistsYES_ppntsNO",0.555555555555556,0.714285714285714,TRUE
"In cooking class more international students were baking butter scones than American students were.","comparison","control",3.88888888888889,4.45454545454545,TRUE
"In cooking class more international students were baking butter scones than the American student was.","comparison","illusion",2.92307692307692,3.15,FALSE
"In English class more girls wrote a charming haiku than boys did.","comparison","control",4,4.07692307692308,TRUE
"In English class more girls wrote a charming haiku than I did.","comparison","illusion",4.14285714285714,4.11111111111111,FALSE
"In September more New Yorkers attended law school than Canadians did all of last year.","comparison","control",4.04347826086957,4.44444444444444,TRUE
"In September more New Yorkers attended law school than Candace did all of last year.","comparison","illusion",2.71428571428571,3.52380952380952,FALSE
"Islands that don’t have ground birds have any rats.","NPI","Partial match NPI",1.1,2.33333333333333,FALSE
"It seemed at that time Adam had been fired.","expert_vs_ppnt_clash","linguistsNO_ppntsYES",4.13333333333333,4.53125,FALSE
"It seemed at that time Clara had been promoted.","expert_vs_ppnt_clash","linguistsNO_ppntsYES",4.06896551724138,4.19230769230769,FALSE
"It seemed at that time Mark had quit.","expert_vs_ppnt_clash","linguistsNO_ppntsYES",4.35483870967742,4.41379310344828,FALSE
"Jessica saw on the news Michael Jackson died.","expert_vs_ppnt_clash","linguistsNO_ppntsYES",4.10344827586207,3.6551724137931,FALSE
"Jessie knows that the big solo Rachel will sing.","expert_vs_ppnt_clash","linguistsYES_ppntsNO",1.8125,1,TRUE
"Joan bought a last year house next to the house that Erin did.","expert_vs_ppnt_clash","linguistsYES_ppntsNO",0.4,1.45454545454545,TRUE
"John believes without a doubt his team will win.","expert_vs_ppnt_clash","linguistsNO_ppntsYES",4.59090909090909,4.4375,FALSE
"John put more books on the table than Bill did on the floor.","expert_vs_ppnt_clash","linguistsNO_ppntsYES",4.18181818181818,4.30434782608696,FALSE
"John wants for everyone to have fun that you do.","expert_vs_ppnt_clash","linguistsYES_ppntsNO",0.777777777777778,0.928571428571429,TRUE
"Judah confirmed that this jersey he can keep.","expert_vs_ppnt_clash","linguistsYES_ppntsNO",3,2.92307692307692,TRUE
"Kimberly wanted to give the charity something warm to wear, and give the charity a bundle of jackets she did.","expert_vs_ppnt_clash","linguistsYES_ppntsNO",2.4,2.77777777777778,TRUE
"Kyle expects for everyone to be honest that you do.","expert_vs_ppnt_clash","linguistsYES_ppntsNO",0.846153846153846,1.77777777777778,TRUE
"Larry cooked her husband the meal.","expert_vs_ppnt_clash","linguistsYES_ppntsNO",3.4,4.90909090909091,TRUE
"Last month more junior employees prolonged their vacation than senior employees did.","comparison","control",4.2962962962963,4.04545454545455,TRUE
"Last month more junior employees prolonged their vacation than the senior employee did.","comparison","illusion",3.52173913043478,3.1,FALSE
"Last month more lawyers were writing their big report than company executives were.","comparison","control",3.75757575757576,3.9375,TRUE
"Last month more lawyers were writing their big report than the company executive was.","comparison","illusion",2.72,2.35294117647059,FALSE
"Last summer more famous bands had a big stadium show than lesser-known bands did.","comparison","control",4.04545454545455,3.90322580645161,TRUE
"Last summer more famous bands had a big stadium show than the lesser-known band did.","comparison","illusion",3.125,3.45,FALSE
"Last week more History majors continued writing their literature essay than English majors did.","comparison","control",3.76190476190476,3.91666666666667,TRUE
"Last week more History majors continued writing their literature essay than the English major did.","comparison","illusion",3.27272727272727,2.27272727272727,FALSE
"Last year more professional writers published an acclaimed novel than amateur authors did.","comparison","control",3.72727272727273,4.22727272727273,TRUE
"Last year more professional writers published an acclaimed novel than the amateur author did.","comparison","illusion",3.08,4.25,FALSE
"Last year more young people were reading War & Peace than old men were.","comparison","control",3.91304347826087,3.88888888888889,TRUE
"Last year more young people were reading War & Peace than the old man was.","comparison","illusion",2.57692307692308,2.8695652173913,FALSE
"Leslie is certain that these clothes Harold will wash.","expert_vs_ppnt_clash","linguistsYES_ppntsNO",1.625,1.875,TRUE
"Many cricket players who are not from Australia have ever run faster than Ponting.","NPI","Partial match NPI",1.05263157894737,0.909090909090909,FALSE
"Many musicians who could play sitar ever recorded their most popular works.","NPI","Unlicensed NPI",1.61904761904762,1.36363636363636,FALSE
"Many musicians who never played sitar ever recorded their most popular works.","NPI","Partial match NPI",0.777777777777778,2,FALSE
"Many skyscrapers not from the 80’s ever brought their designers fame.","NPI","Partial match NPI",1.33333333333333,2.55555555555556,FALSE
"Mark sailed the Caribbean and Cathy flew to the Mediterranean.","expert_vs_ppnt_clash","linguistsNO_ppntsYES",4.31428571428571,4.57894736842105,FALSE
"Mary believed that Peter finished school and Bill that Peter got a job.","expert_vs_ppnt_clash","linguistsYES_ppntsNO",2,1.83333333333333,TRUE
"Melanie prefers for everyone to get a raise that you do.","expert_vs_ppnt_clash","linguistsYES_ppntsNO",1.55555555555556,1.875,TRUE
"Mindy was confident that my history notes she could borrow.","expert_vs_ppnt_clash","linguistsYES_ppntsNO",1.8,1.4,TRUE
"Most calligraphy by Mi Fu ever bears that particular seal.","NPI","Unlicensed NPI",1.90909090909091,1.71428571428571,FALSE
"Most calligraphy not by Mi Fu ever bears that particular seal.","NPI","Partial match NPI",1.55555555555556,1.8,FALSE
"Most cricket players from Australia have ever run faster than Ponting.","NPI","Unlicensed NPI",1.76923076923077,0.454545454545455,FALSE
"Most gamblers with a system have ever finished ahead.","NPI","Unlicensed NPI",1.77777777777778,1.3,FALSE
"Most restaurants the local newspapers have recommended in their dining reviews have ever gone out of business.","NPI","Unlicensed NPI",1.78571428571429,1,FALSE
"Natalie pushed the window opened.","expert_vs_ppnt_clash","linguistsNO_ppntsYES",2.33333333333333,2.22222222222222,FALSE
"No authors that the critics recommended have received any acknowledgement for a best selling novel.","NPI","Valid NPI",3.6,4.38095238095238,TRUE
"Nobody other than the vegetarian ate any spinach.","NPI","Valid NPI",3.83870967741935,4.17391304347826,TRUE
"Nobody who believed ever said so much as a word about it.","NPI","Valid NPI",2.94736842105263,3.88,TRUE
"No cake that the children found had any chance of surviving the week.","NPI","Valid NPI",3.17142857142857,3.72727272727273,TRUE
"No calligraphy except that by Mi Fu ever bears that particular seal.","NPI","Valid NPI",3.72222222222222,3.46153846153846,TRUE
"No camel breeders from Bikaner have received any prizes that season.","NPI","Valid NPI",3.26923076923077,3.1304347826087,TRUE
"No cricket player from Australia has ever run faster than Ponting.","NPI","Valid NPI",4.25925925925926,4.5,TRUE
"None of the garden forks with wooden handles ever have more than four tines.","NPI","Valid NPI",3.32142857142857,3.20833333333333,TRUE
"None of the teapots genuinely from the Victorian era ever have a maker’s mark underneath.","NPI","Valid NPI",3.57142857142857,3.77272727272727,TRUE
"No party that was organized by the journalists had any problems with catering.","NPI","Valid NPI",3.63636363636364,3.63157894736842,TRUE
"No performance involving this style of mask has ever been traditional on Palau.","NPI","Valid NPI",3.94736842105263,3.76923076923077,TRUE
"No pirate with a beard has ever beaten me at cards.","NPI","Valid NPI",4.5,4.63636363636364,TRUE
"No restaurants that local newspapers have recommended in their dining reviews have ever gone out of business.","NPI","Valid NPI",3.21428571428571,3.76,TRUE
"No singer that the venue hosted had any problem selling tickets.","NPI","Valid NPI",3.71428571428571,4.15625,TRUE
"No superhero with a cape has ever missed a chance to flaunt it.","NPI","Valid NPI",4.40740740740741,4.5,TRUE
"No swim instructors with experience would ever recommend underwater distance training.","NPI","Valid NPI",4.27272727272727,4.68181818181818,TRUE
"Not many musicians who could play sitar ever recorded their most popular works.","NPI","Valid NPI",3.30769230769231,3.53846153846154,TRUE
"Not many skyscrapers from the 80’s ever brought their designers fame.","NPI","Valid NPI",4.1,4.21739130434783,TRUE
"No voice actors who do major cartoons get any fans approaching them in the street.","NPI","Valid NPI",3.92592592592593,3.84615384615385,TRUE
"Only a mad captain with a plan ever gives that order.","NPI","Valid NPI",4.07692307692308,4.5,TRUE
"On Monday more librarians organized an enormous filing task than secretaries did on Tuesday.","comparison","control",3.32142857142857,3.6,TRUE
"On Monday more librarians organized an enormous filing task than the secretary did on Tuesday.","comparison","illusion",2.83333333333333,3.375,FALSE
"Over the weekend more boys worked on the assignment than girls did.","comparison","control",4.3448275862069,4.16666666666667,TRUE
"Over the weekend more boys worked on the assignment than Jenna did.","comparison","illusion",3.26923076923077,4.40625,FALSE
"Raymond believed that Amy practiced her music and Danielle that Amy won a competition.","expert_vs_ppnt_clash","linguistsYES_ppntsNO",1.6,1.66666666666667,TRUE
"Sarah believed that Daniel grew a few inches and Richard that Daniel gained some weight.","expert_vs_ppnt_clash","linguistsYES_ppntsNO",3.625,2,TRUE
"Sarah gave more children than Susan did candy.","expert_vs_ppnt_clash","linguistsYES_ppntsNO",1.46666666666667,2.57142857142857,TRUE
"Someone who didn’t believe ever said so much as a word about it.","NPI","Partial match NPI",1,1.66666666666667,FALSE
"Some swim instructors with experience would ever recommend underwater distance training.","NPI","Unlicensed NPI",2.125,1,FALSE
"Some swim instructors without experience would ever recommend underwater distance training.","NPI","Partial match NPI",1.5,0.444444444444444,FALSE
"Sophia is anxious for everyone to arrive that you are.","expert_vs_ppnt_clash","linguistsYES_ppntsNO",0.444444444444444,0.785714285714286,TRUE
"That Addison bit the boy, Jena didn’t believe.","expert_vs_ppnt_clash","linguistsYES_ppntsNO",2.1,1.5,TRUE
"That Leonard drank the whole bottle, Michael didn’t believe.","expert_vs_ppnt_clash","linguistsYES_ppntsNO",1.81818181818182,3.06666666666667,TRUE
"That Mike pushed the little girl, Bianca didn’t believe.","expert_vs_ppnt_clash","linguistsYES_ppntsNO",2,2.88888888888889,TRUE
"That movie impossible to watch without enjoying.","expert_vs_ppnt_clash","linguistsYES_ppntsNO",1.85714285714286,1.84615384615385,TRUE
"That week more female students handed in a short term paper than male students did.","comparison","control",4.19047619047619,4.33333333333333,TRUE
"That week more female students handed in a short term paper than the male student did.","comparison","illusion",3,2.75,FALSE
"That week more German architects continued working on a big project than French architects did.","comparison","control",3.58064516129032,4.13333333333333,TRUE
"That week more German architects continued working on a big project than the French architect did.","comparison","illusion",3.22222222222222,3.2,FALSE
"That year more visiting Americans saw an exciting bullfight than the young Spaniard did.","comparison","illusion",3.05555555555556,3.45833333333333,FALSE
"That year more visiting Americans saw an exciting bullfight than young Spaniards did.","comparison","control",3.72222222222222,3.79310344827586,TRUE
"The actor hired to do the commercial is boring and uninspired.","agreementattraction","valid_singular",4,4.14285714285714,TRUE
"The actor hired to do the commercials are boring and uninspired.","agreementattraction","natural_error",2.33333333333333,0.25,FALSE
"The actors hired to do the commercial is boring and uninspired.","agreementattraction","unnatural_error",2.8,1.28571428571429,FALSE
"The actors hired to do the commercials are boring and uninspired.","agreementattraction","valid_plural",4.8,4.18181818181818,TRUE
"The ancient manuscript that the grad student who the new card catalog had confused a great deal was missing a page.","embedding","missing2",1.90909090909091,2.6,FALSE
"The ancient manuscript that the grad student who the new card catalog had confused a great deal was studying in the library.","embedding","missing3",1,2.28571428571429,FALSE
"The ancient manuscript that the grad student who the new card catalog had confused a great deal was studying in the library was missing a page.","embedding","full ",1.31818181818182,1.7741935483871,TRUE
"The ancient manuscript that the grad student who the new card catalog was studying in the library was missing a page.","embedding","missing1",1,1.7,FALSE
"The apartment that the maid who the service had sent over was cleaning every week.","embedding","missing3",1.33333333333333,3.66666666666667,FALSE
"The apartment that the maid who the service had sent over was cleaning every week was well decorated.","embedding","full ",1.4,1.46153846153846,TRUE
"The apartment that the maid who the service had sent over was well decorated.","embedding","missing2",2.4,2.66666666666667,FALSE
"The apartment that the maid who the service was cleaning every week was well decorated.","embedding","missing1",1.45454545454545,1.45454545454545,FALSE
"The artist who the computer that the guard shouted at annoyed instructed the newscaster.","embedding","missing1",1,0.285714285714286,FALSE
"The artist who the computer that the guard shouted at instructed the newscaster.","embedding","missing3",0.857142857142857,0.875,FALSE
"The artist who the sportsman that the guard shouted at annoyed instructed the newscaster.","embedding","full ",1.2,1.42857142857143,TRUE
"The artist who the sportsman that the guard shouted at instructed the newscaster.","embedding","missing2",1.5,NA,FALSE
"The astronomers that discovered the most distant galaxies are now famous.","agreementattraction","valid_plural",4.71428571428571,4.14285714285714,TRUE
"The astronomers that discovered the most distant galaxy is now famous.","agreementattraction","unnatural_error",2.11111111111111,2.46153846153846,FALSE
"The astronomer that discovered the most distant galaxies are now famous.","agreementattraction","natural_error",2.6,2.0625,FALSE
"The astronomer that discovered the most distant galaxy is now famous.","agreementattraction","valid_singular",4.66666666666667,4.5,TRUE
"The authors that no critics recommended have received any acknowledgement for a best selling novel.","NPI","Partial match NPI",1.66666666666667,1.64285714285714,FALSE
"The authors that the critics recommended have received any acknowledgement for a best selling novel.","NPI","Unlicensed NPI",2.5,1.70588235294118,FALSE
"The bed was slept in wearing no clothes.","expert_vs_ppnt_clash","linguistsYES_ppntsNO",1.5,3.28571428571429,TRUE
"The boys that liked the colorful garter snake hides motionless behind a tree.","agreementattraction","unnatural_error",3,2.625,FALSE
"The boys that liked the colorful garter snakes hide motionless behind a tree.","agreementattraction","valid_plural",2.90909090909091,3.22222222222222,TRUE
"The boy that liked the colorful garter snake hides motionless behind a tree.","agreementattraction","valid_singular",3.66666666666667,4,TRUE
"The boy that liked the colorful garter snakes hide motionless behind a tree.","agreementattraction","natural_error",2.36363636363636,2.25,FALSE
"The bridges to the island is very crowded.","agreementattraction","unnatural_error",2.7,1.0625,FALSE
"The bridges to the islands are very crowded.","agreementattraction","valid_plural",4.63636363636364,5,TRUE
"The bridge to the island is very crowded.","agreementattraction","valid_singular",5,5,TRUE
"The bridge to the islands are very crowded.","agreementattraction","natural_error",3.75,4.5,FALSE
"The cake that the children didn’t find had any chance of surviving the week.","NPI","Partial match NPI",0.692307692307692,1.66666666666667,FALSE
"The cake that the children found had any chance of surviving the week.","NPI","Unlicensed NPI",1.25,1.72727272727273,FALSE
"The camel breeders from Bikaner have received any prizes that season.","NPI","Unlicensed NPI",1.55555555555556,1.83333333333333,FALSE
"The camel breeders not from Bikaner have received any prizes that season.","NPI","Partial match NPI",1.45454545454545,1.6875,FALSE
"The carpenter who the craftsman that the peasant carried hurt supervised the apprentice.","embedding","full ",1.2,1.21739130434783,TRUE
"The carpenter who the craftsman that the peasant carried supervised the apprentice.","embedding","missing2",1.28571428571429,1.83333333333333,FALSE
"The carpenter who the pillar that the peasant carried hurt supervised the apprentice.","embedding","missing1",1.75,1.38461538461538,FALSE
"The carpenter who the pillar that the peasant carried supervised the apprentice.","embedding","missing3",1,1.33333333333333,FALSE
"The car was driven while being tired.","expert_vs_ppnt_clash","linguistsYES_ppntsNO",2.5,3.125,TRUE
"The check from the indicted Wall Street stockbroker bounces, as you expected.","agreementattraction","valid_singular",3.4,2.5,TRUE
"The check from the indicted Wall Street stockbrokers bounce, as you expected.","agreementattraction","natural_error",2.33333333333333,2.44444444444444,FALSE
"The checks from the indicted Wall Street stockbroker bounces, as you expected.","agreementattraction","unnatural_error",3,2.90909090909091,FALSE
"The checks from the indicted Wall Street stockbrokers bounce, as you expected.","agreementattraction","valid_plural",2.75,3.625,TRUE
"The cleaner who the ball that the doctor recognised hurt surprised the patient.","embedding","missing1",0.6,0.75,FALSE
"The cleaner who the ball that the doctor recognised surprised the patient.","embedding","missing3",1.33333333333333,1.75,FALSE
"The cleaner who the janitor that the doctor recognised hurt surprised the patient.","embedding","full ",1.2,1.72727272727273,TRUE
"The cleaner who the janitor that the doctor recognised surprised the patient.","embedding","missing2",1.16666666666667,1,FALSE
"The clerk who the bureaucrat that the visitor forgotten about annoyed the neighbour.","embedding","missing2",1.83333333333333,1.8,FALSE
"The clerk who the bureaucrat that the visitor forgotten about helped annoyed the neighbour.","embedding","full ",0.884615384615385,1,TRUE
"The clerk who the walking stick that the visitor forgotten about annoyed the neighbour.","embedding","missing3",1.3,0.2,FALSE
"The clerk who the walking stick that the visitor forgotten about helped annoyed the neighbour.","embedding","missing1",0.25,2,FALSE
"The club was entered wearing no shirt.","expert_vs_ppnt_clash","linguistsYES_ppntsNO",1.66666666666667,2.5,TRUE
"The computer installed in the missile is less powerful than your phone.","agreementattraction","valid_singular",4.8,4.54545454545455,TRUE
"The computer installed in the missiles are less powerful than your phone.","agreementattraction","natural_error",3.27272727272727,2.54545454545455,FALSE
"The computers installed in the missile are less powerful than your phone.","agreementattraction","valid_plural",4.25,4.7,TRUE
"The computers installed in the missile is less powerful than your phone.","agreementattraction","unnatural_error",2.66666666666667,2.5,FALSE
"The conductor who the choirmaster that the worker ignored berated the musician.","embedding","missing2",1,2.25,FALSE
"The conductor who the choirmaster that the worker ignored hit berated the musician.","embedding","full ",1.13333333333333,1.73076923076923,TRUE
"The conductor who the sponge that the worker ignored berated the musician.","embedding","missing3",1.3,0.857142857142857,FALSE
"The conductor who the sponge that the worker ignored hit berated the musician.","embedding","missing1",1,2,FALSE
"The cousin who the brother that the peasant described hated the uncle.","embedding","missing2",1.33333333333333,3.2,FALSE
"The cousin who the brother that the peasant described pleased hated the uncle.","embedding","full ",1.2,1.45454545454545,TRUE
"The cousin who the diamond that the peasant described hated the uncle.","embedding","missing3",1,1.42857142857143,FALSE
"The cousin who the diamond that the peasant described pleased hated the uncle.","embedding","missing1",0.428571428571429,0.714285714285714,FALSE
"The crimes that troubled the detectives were not what what you might expect.","agreementattraction","valid_plural",3.55555555555556,3.2,TRUE
"The crimes that troubled the detective was not what you might expect.","agreementattraction","unnatural_error",2.83333333333333,3,FALSE
"The crime that the gangster who the story had planned for weeks was quickly solved.","embedding","missing1",0.857142857142857,1.81818181818182,FALSE
"The crime that the gangster who the story had profiled had planned for weeks.","embedding","missing3",1.75,1.75,FALSE
"The crime that the gangster who the story had profiled had planned for weeks was quickly solved.","embedding","full ",1.95454545454545,2.65384615384615,TRUE
"The crime that the gangster who the story had profiled was quickly solved.","embedding","missing2",2.45454545454545,2.44444444444444,FALSE
"The crime that troubled the detectives were not what you might expect.","agreementattraction","natural_error",2.66666666666667,2.3,FALSE
"The crime that troubled the detective was not what you might expect.","agreementattraction","valid_singular",4.4,4.55555555555556,TRUE
"The dancer who the shoe that the bystander admired hurt tipped the doorman.","embedding","missing1",0.8,0.5,FALSE
"The dancer who the shoe that the bystander admired tipped the doorman.","embedding","missing3",1.5,2,FALSE
"The dancer who the singer that the bystander admired hurt tipped the doorman.","embedding","full ",1.53846153846154,0.75,TRUE
"The dancer who the singer that the bystander admired tipped the doorman.","embedding","missing2",1.25,2.66666666666667,FALSE
"The defect in the car is not obvious except to experts.","agreementattraction","valid_singular",4.16666666666667,4.55555555555556,TRUE
"The defect in the cars are not obvious except to experts.","agreementattraction","natural_error",3.6,2.11111111111111,FALSE
"The defects in the car is not obvious except to experts.","agreementattraction","unnatural_error",1.9,1.77777777777778,FALSE
"The defects in the cars are not obvious except to experts.","agreementattraction","valid_plural",3.88888888888889,4.63636363636364,TRUE
"The defence who the knife that the spy looked at convinced the judge.","embedding","missing3",0.444444444444444,2.2,FALSE
"The defence who the knife that the spy looked at surprised convinced the judge.","embedding","missing1",1.125,1.33333333333333,FALSE
"The defence who the prosecutor that the spy looked at convinced the judge.","embedding","missing2",0.857142857142857,2.57142857142857,FALSE
"The defence who the prosecutor that the spy looked at surprised convinced the judge.","embedding","full ",1.06666666666667,1.28571428571429,TRUE
"The detectives who solved the murders are at the door.","agreementattraction","valid_plural",4.88888888888889,4.45454545454545,TRUE
"The detectives who solved the murders is at the door.","agreementattraction","unnatural_error",2.77777777777778,2.375,FALSE
"The detective who solved the murder is at the door.","agreementattraction","valid_singular",4.72727272727273,4.64285714285714,TRUE
"The detective who solved the murders are at the door.","agreementattraction","natural_error",1.57142857142857,1.53333333333333,FALSE
"The dogs that chased the truck is very muddy.","agreementattraction","unnatural_error",1.625,1.66666666666667,FALSE
"The dogs that chased the trucks are very muddy.","agreementattraction","valid_plural",3.83333333333333,4.07692307692308,TRUE
"The dog that chased the truck is very muddy.","agreementattraction","valid_singular",4.11111111111111,4.38461538461539,TRUE
"The dog that chased the trucks are very muddy.","agreementattraction","natural_error",1,0.9,FALSE
"The doors to the President’s private office is rarely open.","agreementattraction","unnatural_error",3.08333333333333,2.78571428571429,FALSE
"The doors to the President’s private offices are rarely open.","agreementattraction","valid_plural",4.76923076923077,4.88888888888889,TRUE
"The door to the President’s private office is rarely open.","agreementattraction","valid_singular",4.14285714285714,4.72727272727273,TRUE
"The door to the President’s private offices are rarely open.","agreementattraction","natural_error",2.84615384615385,3.2,FALSE
"The entrances to the world-famous biology laboratories are visible from the street.","agreementattraction","valid_plural",4.25,4.75,TRUE
"The entrances to the world-famous biology laboratory is visible from the street.","agreementattraction","unnatural_error",3.11111111111111,2.38461538461538,FALSE
"The entrance to the world-famous biology laboratories are visible from the street.","agreementattraction","natural_error",3.2,3.92307692307692,FALSE
"The entrance to the world-famous biology laboratory is visible from the street.","agreementattraction","valid_singular",4.7,5,TRUE
"The game that the child who the lawnmower had startled in the yard lasted for hours.","embedding","missing2",0.888888888888889,1.6,FALSE
"The game that the child who the lawnmower had startled in the yard was playing in the morning.","embedding","missing3",0.571428571428571,2.5,FALSE
"The game that the child who the lawnmower had startled in the yard was playing in the morning lasted for hours.","embedding","full ",1.52173913043478,1.89285714285714,TRUE
"The game that the child who the lawnmower was playing in the morning lasted for hours.","embedding","missing1",1,0.8,FALSE
"The game was played shoeless.","expert_vs_ppnt_clash","linguistsNO_ppntsYES",4.32258064516129,4.86363636363636,FALSE
"The girls that the science teacher questioned was nervous.","agreementattraction","unnatural_error",2.625,1.11111111111111,FALSE
"The girls that the science teachers questioned were nervous.","agreementattraction","valid_plural",4,4.66666666666667,TRUE
"The girl that the science teacher questioned was nervous.","agreementattraction","valid_singular",4.33333333333333,4.875,TRUE
"The girl that the science teachers questioned were nervous.","agreementattraction","natural_error",1.85714285714286,1.90909090909091,FALSE
"The guard employed for the arms-reduction treaty signing ceremonies were from a neutral third country.","agreementattraction","natural_error",2.64705882352941,2.5,FALSE
"The guard employed for the arms-reduction treaty signing ceremony was from a neutral third country.","agreementattraction","valid_singular",3.625,4.33333333333333,TRUE
"The guards employed for the arms-reduction treaty signing ceremonies were from a neutral third country.","agreementattraction","valid_plural",3.63636363636364,4.33333333333333,TRUE
"The guards employed for the arms-reduction treaty signing ceremony was from a neutral third country.","agreementattraction","unnatural_error",2.41666666666667,2,FALSE
"The instructor put more solutions on the board than the TA did on the handout.","expert_vs_ppnt_clash","linguistsNO_ppntsYES",4.24,4.47058823529412,FALSE
"The keys to the cabinet are on the table.","agreementattraction","valid_plural",5,5,TRUE
"The keys to the cabinet is on the table.","agreementattraction","unnatural_error",2.33333333333333,2.16666666666667,FALSE
"The key to the cabinet is on the table.","agreementattraction","valid_singular",4.90909090909091,5,TRUE
"The key to the cabinets are on the table.","agreementattraction","natural_error",4.7,2.8,FALSE
"The label on the bottle is quite hard to read.","agreementattraction","valid_singular",4.9,4.92307692307692,TRUE
"The label on the bottles are quite hard to read.","agreementattraction","natural_error",4.625,2,FALSE
"The labels on the bottle is quite hard to read.","agreementattraction","unnatural_error",2.28571428571429,1.5,FALSE
"The labels on the bottles are quite hard to read.","agreementattraction","valid_plural",4.81818181818182,4.75,TRUE
"The lecture that the professor who the newspaper story had just profiled in detail was not well attended.","embedding","missing2",2.5,3,FALSE
"The lecture that the professor who the newspaper story had just profiled in detail was teaching poorly.","embedding","missing3",2.57142857142857,0.5,FALSE
"The lecture that the professor who the newspaper story had just profiled in detail was teaching poorly was not well attended.","embedding","full ",1.8,2.33333333333333,TRUE
"The lecture that the professor who the newspaper story was teaching poorly was not well attended.","embedding","missing1",1.41666666666667,1.9,FALSE
"The letter from the real estate company’s lawyer is short and polite.","agreementattraction","valid_singular",5,4.9,TRUE
"The letter from the real estate company’s lawyers are short and polite.","agreementattraction","natural_error",4,2.75,FALSE
"The letters from the real estate company’s lawyers are short and polite.","agreementattraction","valid_plural",4.28571428571429,4.71428571428571,TRUE
"The letters from the real estate company’s lawyers is short and polite.","agreementattraction","unnatural_error",4.2,1.6,FALSE
"The lullaby that the famous country singer who the record label had signed to a big contract was singing yesterday.","embedding","missing3",1.14285714285714,1,FALSE
"The lullaby that the famous country singer who the record label had signed to a big contract was singing yesterday was written seventy years ago.","embedding","full ",2.47826086956522,2.73913043478261,TRUE
"The lullaby that the famous country singer who the record label had signed to a big contract was written seventy years ago.","embedding","missing2",3,1.71428571428571,FALSE
"The lullaby that the famous country singer who the record label was singing yesterday was written seventy years ago.","embedding","missing1",2.8,2.2,FALSE
"The mad captain with a plan ever gives that order.","NPI","Unlicensed NPI",1.25,1.69230769230769,FALSE
"The main advantage of microchipping your pet is that few pets with microchips are ever lost for long.","NPI","Valid NPI",4.07692307692308,4.64285714285714,TRUE
"The main advantage of microchipping your pet is that pets with microchips are ever lost for long.","NPI","Unlicensed NPI",1.1,1.33333333333333,FALSE
"The main advantage of microchipping your pet is that pets without microchips are ever lost for long.","NPI","Partial match NPI",1.76923076923077,1.69230769230769,FALSE
"The mechanics who repaired the limousine’s rear tire is in a feud with my cousin’s friend’s family.","agreementattraction","unnatural_error",3.42857142857143,2.9,FALSE
"The mechanics who repaired the limousine’s rear tires are in a feud with my cousin’s friend’s family.","agreementattraction","valid_plural",4,3.66666666666667,TRUE
"The mechanic who repaired the limousine’s rear tire is in a feud with my cousin’s friend’s family.","agreementattraction","valid_singular",4,4.44444444444444,TRUE
"The mechanic who repaired the limousine’s rear tires are in a feud with my cousin’s friend’s family.","agreementattraction","natural_error",2.88888888888889,0.142857142857143,FALSE
"The memo from the accountant flutters to the floor unnoticed.","agreementattraction","valid_singular",4.2,4.5,TRUE
"The memo from the accountants flutter to the floor unnoticed.","agreementattraction","natural_error",3.66666666666667,3.11111111111111,FALSE
"The memos from the accountant flutters to the floor unnoticed.","agreementattraction","unnatural_error",3.14285714285714,1.625,FALSE
"The memos from the accountants flutter to the floor unnoticed.","agreementattraction","valid_plural",4.22222222222222,4.75,TRUE
"The mistake in the program is small but important.","agreementattraction","valid_singular",5,5,TRUE
"The mistake in the programs are small but important.","agreementattraction","natural_error",3.625,2.625,FALSE
"The mistakes in the program is small but important.","agreementattraction","unnatural_error",2.33333333333333,1.22222222222222,FALSE
"The mistakes in the programs are small but important.","agreementattraction","valid_plural",4.8,4.83333333333333,TRUE
"The monologue that the actor who the movie industry had snubbed repeatedly was extremely well written.","embedding","missing2",2.55555555555556,3.14285714285714,FALSE
"The monologue that the actor who the movie industry had snubbed repeatedly was performing last month.","embedding","missing3",2.75,2.09090909090909,FALSE
"The monologue that the actor who the movie industry had snubbed repeatedly was performing last month was extremely well written.","embedding","full ",2.47058823529412,3.03846153846154,TRUE
"The monologue that the actor who the movie industry was performing last month was extremely well written.","embedding","missing1",2,2.25,FALSE
"The mother who the daughter that the sister found frightened greeted the grandmother.","embedding","full ",1.22222222222222,1.5,TRUE
"The mother who the daughter that the sister found greeted the grandmother.","embedding","missing2",1.625,1.66666666666667,FALSE
"The mother who the gun that the sister found frightened greeted the grandmother.","embedding","missing1",0.777777777777778,1,FALSE
"The mother who the gun that the sister found greeted the grandmother.","embedding","missing3",0.75,1,FALSE
"The name on the enormous highway billboard belongs to a local real-estate agent.","agreementattraction","valid_singular",4.33333333333333,5,TRUE
"The name on the enormous highway billboards belong to a local real-estate agent.","agreementattraction","natural_error",4.2,2.42857142857143,FALSE
"The names on the enormous highway billboards belongs to a local real-estate agent.","agreementattraction","unnatural_error",3.4,2.71428571428571,FALSE
"The names on the enormous highway billboards belong to a local real-estate agent.","agreementattraction","valid_plural",4.28571428571429,4.33333333333333,TRUE
"The novel that the horror author who the publishing company had recently fired had typed quickly.","embedding","missing3",2.4,2,FALSE
"The novel that the horror author who the publishing company had recently fired had typed quickly was banned by the local library.","embedding","full ",1.61290322580645,1.77777777777778,TRUE
"The novel that the horror author who the publishing company had recently fired was banned by the local library.","embedding","missing2",3,2.18181818181818,FALSE
"The novel that the horror author who the publishing company had typed quickly was banned by the local library.","embedding","missing1",1.16666666666667,2.42857142857143,FALSE
"The painter who the film that the friend liked admired the poet.","embedding","missing3",0,1.33333333333333,FALSE
"The painter who the film that the friend liked disturbed admired the poet.","embedding","missing1",1,0.8,FALSE
"The painter who the hut that the father missed cooked for the artist.","embedding","missing3",0.666666666666667,2,FALSE
"The painter who the hut that the father missed sheltered cooked for the artist.","embedding","missing1",0.75,0.666666666666667,FALSE
"The painter who the musician that the father missed cooked for the artist.","embedding","missing2",1,2.875,FALSE
"The painter who the musician that the father missed sheltered cooked for the artist.","embedding","full ",1.1875,1.5,TRUE
"The painter who the musician that the friend liked admired the poet.","embedding","missing2",1.5,1.375,FALSE
"The painter who the musician that the friend liked disturbed admired the poet.","embedding","full ",0.647058823529412,1.4,TRUE
"The papers were graded while being bored.","expert_vs_ppnt_clash","linguistsYES_ppntsNO",1.78571428571429,2.8,TRUE
"The party that was not organized by the journalists had any problems with catering.","NPI","Partial match NPI",1.2,1.36363636363636,FALSE
"The party that was organized by the journalists had any problems with catering.","NPI","Unlicensed NPI",1.25,0.833333333333333,FALSE
"The pharmacist who the button that the stranger saw questioned the customer.","embedding","missing3",0.714285714285714,0.888888888888889,FALSE
"The pharmacist who the button that the stranger saw troubled questioned the customer.","embedding","missing1",0.857142857142857,0.666666666666667,FALSE
"The pharmacist who the optician that the stranger saw questioned the customer.","embedding","missing2",2.25,1,FALSE
"The pharmacist who the optician that the stranger saw troubled questioned the customer.","embedding","full ",1.05,1.53846153846154,TRUE
"The picture on the postcard is of a Dutch farm.","agreementattraction","valid_singular",4.76470588235294,5,TRUE
"The picture on the postcards are of a Dutch farm.","agreementattraction","natural_error",4.71428571428571,3.75,FALSE
"The pictures on the postcard is of a Dutch farm.","agreementattraction","unnatural_error",3.44444444444444,2.63636363636364,FALSE
"The pictures on the postcards are of a Dutch farm.","agreementattraction","valid_plural",4.66666666666667,4.9,TRUE
"The picture that the artist who the school had expelled for cheating was hurriedly copying.","embedding","missing3",1.33333333333333,0.714285714285714,FALSE
"The picture that the artist who the school had expelled for cheating was hurriedly copying was printed in a magazine.","embedding","full ",1,1.30769230769231,TRUE
"The picture that the artist who the school had expelled for cheating was printed in a magazine.","embedding","missing2",2.1,2,FALSE
"The picture that the artist who the school was hurriedly copying was printed in a magazine.","embedding","missing1",1.875,2.57142857142857,FALSE
"The polices that the governor recommended was hugely unpopular.","agreementattraction","unnatural_error",2.8,1.77777777777778,FALSE
"The policies that the governors recommended were hugely unpopular.","agreementattraction","valid_plural",4.75,5,TRUE
"The policy that the governor recommended was hugely unpopular.","agreementattraction","valid_singular",4.85714285714286,4.18181818181818,TRUE
"The policy that the governors recommended were hugely unpopular.","agreementattraction","natural_error",2.54545454545455,1.625,FALSE
"The prayer that the monk who the religious fanatic had persecuted relentlessly was chanting every day.","embedding","missing3",1.83333333333333,2.22222222222222,FALSE
"The prayer that the monk who the religious fanatic had persecuted relentlessly was chanting every day was echoing in the empty church.","embedding","full ",1.66666666666667,2.22727272727273,TRUE
"The prayer that the monk who the religious fanatic had persecuted relentlessly was echoing in the empty church.","embedding","missing2",1.8,3,FALSE
"The prayer that the monk who the religious fanatic was chanting every day was echoing in the empty church.","embedding","missing1",2,1.5,FALSE
"The problem in the wealthy suburban school has been brewing for years.","agreementattraction","valid_singular",4.14285714285714,4.53846153846154,TRUE
"The problem in the wealthy suburban schools have been brewing for years.","agreementattraction","natural_error",1.63636363636364,2.57142857142857,FALSE
"The problems in the wealthy suburban school has been brewing for years.","agreementattraction","unnatural_error",4.18181818181818,2.72727272727273,FALSE
"The problems in the wealthy suburban schools have been brewing for years.","agreementattraction","valid_plural",4.55555555555556,5,TRUE
"The professors who criticized the new dean accepts the new era grudgingly.","agreementattraction","unnatural_error",3,2,FALSE
"The professors who criticized the new deans accept the new era grudgingly.","agreementattraction","valid_plural",3.625,4.25,TRUE
"The professor who criticized the new dean accepts the new era grudgingly.","agreementattraction","valid_singular",4,3.75,TRUE
"The professor who criticized the new deans accept the new era grudgingly.","agreementattraction","natural_error",2.83333333333333,1.66666666666667,FALSE
"The question was answered feeling nervous.","expert_vs_ppnt_clash","linguistsYES_ppntsNO",1.2,1.73333333333333,TRUE
"The receptionists who greeted the distinguished visitors were fluent in Spanish.","agreementattraction","valid_plural",4.1,4.5,TRUE
"The receptionists who greeted the distinguished visitor was fluent in Spanish.","agreementattraction","unnatural_error",3.33333333333333,2,FALSE
"The receptionist who greeted the distinguished visitors were fluent in Spanish.","agreementattraction","natural_error",2.71428571428571,1.66666666666667,FALSE
"The receptionist who greeted the distinguished visitor was fluent in Spanish..","agreementattraction","valid_singular",4.55555555555556,4.88888888888889,TRUE
"There had lived across the street all of the kids who were vandalizing our yard.","expert_vs_ppnt_clash","linguistsYES_ppntsNO",3,2.45454545454545,TRUE
"There had prevailed in the trial all of the defendants we were rooting for.","expert_vs_ppnt_clash","linguistsYES_ppntsNO",2.71428571428571,2.25,TRUE
"There has been a dog considered noisy.","expert_vs_ppnt_clash","linguistsYES_ppntsNO",2.57142857142857,2.4,TRUE
"There has been a man considered sick.","expert_vs_ppnt_clash","linguistsYES_ppntsNO",2.38461538461538,2.625,TRUE
"There has been a man considered violent.","expert_vs_ppnt_clash","linguistsYES_ppntsNO",2.58333333333333,2.8,TRUE
"There has been a woman considered desperate.","expert_vs_ppnt_clash","linguistsYES_ppntsNO",2.5,2.54545454545455,TRUE
"There is likely to depart a train at midnight.","expert_vs_ppnt_clash","linguistsYES_ppntsNO",2,1.28571428571429,TRUE
"There is likely to live a snake in the garden.","expert_vs_ppnt_clash","linguistsYES_ppntsNO",2,2,TRUE
"There is likely to run a river down the mountain.","expert_vs_ppnt_clash","linguistsYES_ppntsNO",1.58333333333333,2.22222222222222,TRUE
"There is likely to spread a disease around the world.","expert_vs_ppnt_clash","linguistsYES_ppntsNO",1.5,1.2,TRUE
"The restaurants the no local newspapers have recommended in their dining reviews have ever gone out of business.","NPI","Partial match NPI",0.866666666666667,1.66666666666667,FALSE
"The reward doubled to help catch the thief.","expert_vs_ppnt_clash","linguistsNO_ppntsYES",4.22222222222222,4.16666666666667,FALSE
"The saxophonist who the baton that the conductor brought along distracted thanked the violinist.","embedding","missing1",1.4,1,FALSE
"The saxophonist who the baton that the conductor brought along thanked the violinist.","embedding","missing3",1.5,1.57142857142857,FALSE
"The saxophonist who the trumpeter that the conductor brought along distracted thanked the violinist.","embedding","full ",0.863636363636364,2.05555555555556,TRUE
"The saxophonist who the trumpeter that the conductor brought along thanked the violinist.","embedding","missing2",1.6,2,FALSE
"The shirt that the seamstress who the immigration officer had investigated last week needed to be dry cleaned.","embedding","missing2",2.16666666666667,3.22222222222222,FALSE
"The shirt that the seamstress who the immigration officer had investigated last week was carefully mending.","embedding","missing3",1.8,4,FALSE
"The shirt that the seamstress who the immigration officer had investigated last week was carefully mending needed to be dry cleaned.","embedding","full ",1.66666666666667,2.54545454545455,TRUE
"The shirt that the seamstress who the immigration officer was carefully mending needed to be dry cleaned.","embedding","missing1",1,4,FALSE
"The singer that the venue couldn’t host had any problem selling tickets.","NPI","Partial match NPI",1.14285714285714,0.666666666666667,FALSE
"The singer that the venue hosted had any problem selling tickets.","NPI","Unlicensed NPI",1.4375,1.36363636363636,FALSE
"The skyscrapers from the 80’s ever brought their designers fame.","NPI","Unlicensed NPI",1.83333333333333,1.35714285714286,FALSE
"The slogan on the poster is offensive to vegetarians.","agreementattraction","valid_singular",5,5,TRUE
"The slogan on the posters are offensive to vegetarians.","agreementattraction","natural_error",3.16666666666667,4.33333333333333,FALSE
"The slogans on the poster is offensive to vegetarians.","agreementattraction","unnatural_error",1.8,3,FALSE
"The slogans on the posters are offensive to vegetarians.","agreementattraction","valid_plural",4.75,4.5,TRUE
"The soldiers that the battalion’s senior officer accused was innocent.","agreementattraction","unnatural_error",2.11111111111111,2.375,FALSE
"The soldiers that the battalion’s senior officers accused were innocent.","agreementattraction","valid_plural",3.54545454545455,4.28571428571429,TRUE
"The soldier that the battalion’s senior officer accused was innocent.","agreementattraction","valid_singular",3.6,3.8,TRUE
"The soldier that the battalion’s senior officers accused were innocent.","agreementattraction","natural_error",1.66666666666667,2.33333333333333,FALSE
"The son who the father that the teacher saw disturbed visited the grandfather.","embedding","full ",1.05555555555556,1.5,TRUE
"The son who the father that the teacher saw visited the grandfather.","embedding","missing2",3,0.4,FALSE
"The son who the loudspeaker that the teacher saw disturbed visited the grandfather.","embedding","missing1",0.4,2.4,FALSE
"The son who the loudspeaker that the teacher saw visited the grandfather.","embedding","missing3",0,0.5,FALSE
"The summit was reached sweating profusely.","expert_vs_ppnt_clash","linguistsYES_ppntsNO",1.53333333333333,0.8,TRUE
"The tables that the student painted looks nice.","agreementattraction","unnatural_error",3.3,0.857142857142857,FALSE
"The tables that the students painted look nice.","agreementattraction","valid_plural",4.13333333333333,4.7,TRUE
"The table that the student painted looks nice.","agreementattraction","valid_singular",5,4.86666666666667,TRUE
"The table that the students painted look nice.","agreementattraction","natural_error",4.5,2.16666666666667,FALSE
"The teapots genuinely from the Victorian era ever have a maker’s mark underneath.","NPI","Unlicensed NPI",1.58333333333333,1.5,FALSE
"The teapots not genuinely from the Victorian era ever have a maker’s mark underneath.","NPI","Partial match NPI",1.92307692307692,1.75,FALSE
"The tiles used to cover the floors are from Morocco.","agreementattraction","valid_plural",4.6,5,TRUE
"The tiles used to cover the floors is from Morocco.","agreementattraction","unnatural_error",3.88888888888889,2.13333333333333,FALSE
"The tile used to cover the floor is from Morocco.","agreementattraction","valid_singular",4.5,4.92307692307692,TRUE
"The tile used to cover the floors are from Morocco.","agreementattraction","natural_error",4.1,4,FALSE
"The trader who the businessman that the professor hired annoyed the investor.","embedding","missing2",2,2.33333333333333,FALSE
"The trader who the businessman that the professor hired confused annoyed the investor.","embedding","full ",1.3125,1.36,TRUE
"The trader who the computer that the professor hired annoyed the investor.","embedding","missing3",0.571428571428571,1.8,FALSE
"The trader who the computer that the professor hired confused annoyed the investor.","embedding","missing1",1,1,FALSE
"The trophy that the athlete who the restaurant had hired as a spokesman had won at the track meet.","embedding","missing3",1,2.375,FALSE
"The trophy that the athlete who the restaurant had hired as a spokesman had won at the track meet was stolen later.","embedding","full ",2.17647058823529,2.95238095238095,TRUE
"The trophy that the athlete who the restaurant had hired as a spokesman was stolen later.","embedding","missing2",1.3,1.57142857142857,FALSE
"The trophy that the athlete who the restaurant had won at the track meet was stolen later.","embedding","missing1",1.66666666666667,2.14285714285714,FALSE
"The warning from the expert falls on deaf ears.","agreementattraction","valid_singular",4.28571428571429,4.26666666666667,TRUE
"The warning from the experts fall on deaf ears.","agreementattraction","natural_error",3.28571428571429,2.90909090909091,FALSE
"The warnings from the expert falls on deaf ears.","agreementattraction","unnatural_error",4.57142857142857,3.22222222222222,FALSE
"The warnings from the experts fall on deaf ears.","agreementattraction","valid_plural",4.41666666666667,4.5,TRUE
"The worker who the bucket that the foreman looked for injured questioned the shepherd.","embedding","missing1",1.18181818181818,0.833333333333333,FALSE
"The worker who the bucket that the foreman looked for questioned the shepherd.","embedding","missing3",0.5,1.625,FALSE
"The worker who the tenant that the foreman looked for injured questioned the shepherd.","embedding","full ",0.684210526315789,1.03333333333333,TRUE
"The worker who the tenant that the foreman looked for questioned the shepherd.","embedding","missing2",0.666666666666667,2.4,FALSE
"They anticipate that everybody will contact Fred that you do.","expert_vs_ppnt_clash","linguistsYES_ppntsNO",1.5,0.909090909090909,TRUE
"They knew and we saw that Mark would skip work.","expert_vs_ppnt_clash","linguistsYES_ppntsNO",2,2.75,TRUE
"This week more hard-working students continued writing their thesis than lazy students did.","comparison","control",3.8,3.96666666666667,TRUE
"This week more hard-working students continued writing their thesis than the lazy student did.","comparison","illusion",3.16666666666667,2.5,FALSE
"This year more football fans bought a home game ticket than hockey fans did.","comparison","control",4.125,4.31578947368421,TRUE
"This year more football fans bought a home game ticket than the hockey fan did.","comparison","illusion",2.31818181818182,3.375,FALSE
"To whom did you give what?","expert_vs_ppnt_clash","linguistsNO_ppntsYES",3.90625,4.10714285714286,FALSE
"To whom did you present what?","expert_vs_ppnt_clash","linguistsNO_ppntsYES",3.70833333333333,3.73809523809524,FALSE
"Valerie is excited for everyone to graduate that you are.","expert_vs_ppnt_clash","linguistsYES_ppntsNO",0.888888888888889,0.333333333333333,TRUE
"Voice actors who do major cartoons get any fans approaching them in the street.","NPI","Unlicensed NPI",1.625,1.53846153846154,FALSE
"Voice actors who do not do major cartoons get any fans approaching them in the street.","NPI","Partial match NPI",1.53846153846154,1.5,FALSE
"We alleged Carrie to the police to be guilty.","expert_vs_ppnt_clash","linguistsYES_ppntsNO",2,1.7,TRUE
"We alleged Ellen to the judge to be a liar.","expert_vs_ppnt_clash","linguistsYES_ppntsNO",3,2.33333333333333,TRUE
"We expect that everybody will hug Kimberly that you do.","expert_vs_ppnt_clash","linguistsYES_ppntsNO",1,1.77777777777778,TRUE
"We proved Susan to the authorities to be the thief.","expert_vs_ppnt_clash","linguistsYES_ppntsNO",2.3125,2.7,TRUE
"We were sure that the teaching assistant liked to meet before lecture.","expert_vs_ppnt_clash","linguistsYES_ppntsNO",2.33333333333333,4,TRUE
"What do you complain that the neighbor turns on at night?","expert_vs_ppnt_clash","linguistsYES_ppntsNO",2,2.8,TRUE
"When this week he started to perform that play, we believed he would be fine.","expert_vs_ppnt_clash","linguistsYES_ppntsNO",2.44444444444444,1.2,TRUE
"Who did the coach trade an enemy of to another team?","expert_vs_ppnt_clash","linguistsYES_ppntsNO",1.77777777777778,3,TRUE
"Who did the frat boys introduce a daughter of to their pledges?","expert_vs_ppnt_clash","linguistsYES_ppntsNO",2,1.6,TRUE
"Who did the principal assign children of to a different teacher?","expert_vs_ppnt_clash","linguistsYES_ppntsNO",1.625,1.07692307692308,TRUE
"Who did they send a parent of to an unpleasant meeting?","expert_vs_ppnt_clash","linguistsYES_ppntsNO",1.14285714285714,2,TRUE
"Who will you give the keys?","expert_vs_ppnt_clash","linguistsNO_ppntsYES",3.8,3.95,FALSE
"Yesterday more seniors skipped an extremely boring class than Jonathan did last month.","comparison","illusion",3.20689655172414,3.39285714285714,FALSE
"Yesterday more seniors skipped an extremely boring class than juniors did last month.","comparison","control",3.48571428571429,4.42857142857143,TRUE
