"ppntID","gender","age","language","country","screenheight","screenwidth"
8851512,"male","40","arabic","Egypt",900,1440
5926988,"male","57","english","United States",768,1366
6444061,"male","66","english","United States",768,1360
6517208,"other","25","english","United States",1080,1920
8953967,"female","53","english","United States",768,1366
1280357,"other","33","english","United States",825,1467
2020584,"male","63","english","United States",1440,2560
3031810,"male","33","english","India",768,1366
2592897,"female","28","english","United States",768,1366
9629907,"female","29","english","United States",1200,1920
4997867,"female","25","tamil","India",768,1366
5619613,"male","24","english","India",768,1366
6219285,"other","-1000","elvish","Antarctica",1152,2048
9030834,"female","29","english","United States",1080,1920
3813083,"female","33","english","United States",720,1280
80986,"male","36","english","United States",720,1280
9500280,"female","38","english","United States",768,1366
6028063,"female","26","english","United States",768,1366
8620079,"male","30","english","United States",1080,1920
5269362,"female","31","english","United States",1080,1920
1898558,"male","24","english","United States",1080,1920
2068341,"male","24","english","United States",768,1366
9978576,"male","55","english","United States",1080,1920
469702,"female","25","english","United States",768,1366
2865934,"male","30","english","United States",1440,2560
2066955,"female","27","english","United States",900,1440
1481845,"male","28","english","United States",768,1366
2764640,"female","29","english","United States",1080,1920
6646257,"female","38","english","United States",768,1366
6507315,"male","24","english ","United States",800,1280
7200700,"male","36","english","United States",900,1600
2146815,"male","29","english","United States",864,1536
9131353,"female","29","english","United States",900,1440
8919711,"male","30","english","United States",900,1440
1633369,"male","26","english","United States",900,1600
9562862,"male","38","english","United States",1050,1680
1988986,"female","39","english","United States",768,1366
2402015,"male","26","english","United States",1080,1920
3936442,"female","46","english","United States",768,1366
4743065,"female","36","english","United States",1080,1920
6745161,"female","31","english","United States",864,1536
5264593,"male","33","english","United States",1200,1920
9219787,"female","31","english","United States",720,1280
635567,"male","36","english","United States",1080,1920
3312301,"male","33","english","United States",720,1280
7175772,"male","26","english","United States",864,1536
1809785,"male","37","english","United States",1080,1920
6193440,"female","31","english","United States",900,1600
656330,"male","35","english","United States",864,1536
8036280,"female","65","english","United States",768,1366
857898,"female","31","english","United States",1080,1920
6012508,"female","38","english","United States",1080,1920
730681,"male","31","english","United States",900,1440
5203252,"male","33","english","United States",1080,1920
5515144,"male","35","english","United States",1080,1920
3161821,"female","38","english","United States",768,1366
8908429,"male","32","english","United States",800,1280
5018135,"male","29","english","United States",1080,1920
2065502,"male","33","english","United States",1080,1920
8699538,"male","31","english","United States",1080,1920
5098231,"female","60","english","United States",900,1600
4005335,"male","31","english","United States",768,1366
2826457,"female","25","english","United States",900,1600
7690572,"female","45","english","United States",1050,1680
9238401,"male","27","english","United States",768,1366
8152935,"male","48","english","United States",768,1366
7340340,"female","33","english","United States",900,1600
6293979,"female","41","english","United States",900,1600
1367706,"female","54","english","United States",1080,1920
6307998,"male","60","english","United States",864,1536
2653266,"female","36","english","United States",768,1366
5855055,"female","57","english","United States",1080,1920
9570010,"female","38","english","United States",768,1366
8127689,"female","39","english","United States",864,1536
8400971,"male","37","english","United States",768,1366
1160921,"male","37","english","United States",1080,1920
4445429,"male","28","english","United States",768,1366
8756646,"female","31","english","United States",864,1536
3360188,"male","27","english","United States",1080,1920
2089500,"male","29","english","United States",900,1440
1464865,"male","29","english","United States",640,360
7391400,"male","30","english","United States",768,1366
5188083,"male","58","english","United States",768,1366
3072000,"male","34","english","United States",864,1536
5582306,"male","27","enlgish","United States",768,1366
7087617,"male","34","english","United States",900,1600
5439418,"female","37","english","United States",864,1536
6172300,"female","25","english","United States",900,1600
3008195,"female","28","english","United States",1080,1920
5970715,"male","34","english","United States",864,1536
2698696,"male","58","english","United States",1080,1920
886166,"female","33","english ","United States",1080,1920
2138010,"male","25","english","United States",1080,1920
4168735,"male","35","english","United States",1080,1920
8940048,"female","26","english","United States",800,1280
3201995,"male","25","english","United States",1080,1920
2655636,"male","28","spanish","United States",768,1360
1605555,"female","27","english","United States",768,1366
5960879,"female","24","english","United States",800,1280
9700636,"male","32","english","United States",1080,1920
7935429,"male","71","english","United States",768,1360
3808600,"female","47","english","United States",768,1366
2126448,"female","35","english","United States",768,1366
6889989,"female","36","english","United States",1080,1920
153398,"male","56","english","United States",768,1360
2019587,"male","29","english","United States",1080,1920
4416985,"female","30","english","United States",800,1280
7237101,"male","52","english","United States",864,1536
1271156,"male","34","english","United States",900,1600
1993070,"female","44","english","United States",900,1600
9435992,"female","28","english","United States",768,1366
8549806,"male","57","english","United States",768,1366
7236070,"male","37","english","United States",768,1366
7834371,"male","46","male","United States",1440,2560
4678527,"female","23","english","United States",768,1366
5302913,"male","31","english","United States",800,1280
6893468,"male","41","english","United States",360,640
5538452,"female","28","english","United States",768,1360
6467111,"female","59","english","United States",1080,1920
5938306,"female","45","english","United States",864,1536
9342091,"male","22","english","United States",768,1366
643515,"male","48","english","United States",1080,1920
2039947,"male","33","english","United States",864,1536
4681003,"female","38","english","United States",720,1280
6477929,"male","55","english","United States",1080,1920
9141301,"male","27","english","United States",1080,1920
1760108,"male","24","english","United States",1024,1280
1604871,"female","37","english","United States",900,1440
5961581,"male","24","english","United States",768,1364
298236,"male","36","english","United States",1080,1920
2486679,"male","32","english","United States",1080,1920
5063308,"female","27","english","United States",768,1366
7115010,"female","28","english","United States",768,1366
38211,"male","39","english","United States",900,1600
7115010,"female","28","english","United States",768,1366
8258197,"male","29","english","United States",768,1024
3086293,"male","37","english","United States",864,1536
5446961,"male","31","english","United States",900,1600
3471355,"male","29","english","United States",768,1366
2202236,"male","34","english","United States",1080,1920
7933100,"male","32","english","United States",1024,1280
5360426,"male","33","english","United States",900,1600
6223015,"female","33","english","United States",900,1440
2690047,"male","41","english","United States",1080,1920
116602,"female","40","english","United States",1080,1920
10367,"female","29","english ","United States",768,1366
3617556,"female","41","english","United States",846,412
2518518,"male","31","english","United States",768,1366
5605162,"male","24","english","United States",1080,1920
6034728,"female","55","english","United States",864,1536
6001320,"male","26","english","United States",1080,2560
1929109,"female","30","english","United States",768,1366
339753,"female","33","english","United States",720,1280
9621133,"female","45","english","United States",720,1280
7058208,"male","30","english","United States",768,1366
4884023,"female","26","english","United States",600,1024
4470490,"female","26","english","United States",1080,1920
7846961,"male","26","english","United States",1080,1920
5337776,"male","29","english","United States",1440,2560
2696278,"male","30","english","United States",768,1366
3042208,"male","26","english","United States",800,1280
4299118,"male","56","english","United States",1080,1920
9315760,"male","29","english","United States",864,1536
1210244,"female","55","english","United States",900,1440
6588014,"male","31","english","United States",900,1440
1885428,"female","28","english","United States",1080,2560
6223242,"male","29","english","United States",1080,1920
3543192,"female","33","english","United States",900,1600
8568963,"female","28","english","United States",1024,1280
8279993,"male","30","english","United States",768,1366
1135487,"male","51","english","United States",900,1600
750653,"female","25","english","United States",864,1536
8515180,"male","32","english","United States",1080,1920
4486743,"male","24","english","United States",1080,1920
4305424,"male","27","english","United States",1280,1024
8372671,"male","29","english","United States",800,1280
8051373,"male","49","english","United States",1080,1920
6734004,"male","32","english","United States",768,1366
7132911,"male","62","english","United States",800,1280
6030094,"male","30","english","United States",864,1536
6453540,"female","45","english","United States",1440,3440
3461245,"male","32","english","United States",1080,1920
6319177,"male","35","english","United States",1080,1920
7299454,"male","49","english","United States",1080,1920
5572720,"male","60","english","United States",1050,1680
4727902,"male","33","english","United States",1152,2048
9269622,"male","29","english","United States",768,1366
1109238,"female","34","english","United States",864,1536
9446889,"male","31","english","United States",768,1366
5007715,"female","29","english","United States",1440,2560
6941923,"female","30","english","United States",768,1280
8688963,"male","28","english","United States",768,1360
9426223,"male","24","english","United States",1080,1920
1349873,"female","50","english","United States",768,1366
2492921,"female","35","english","United States",768,1366
4085500,"male","23","english","United States",1080,1920
4822831,"female","48","english","United States",1050,1680
3842432,"male","27","english","United States",1080,1920
8252305,"male","24","english","United States",768,1366
147314,"other","19","english","United States",1080,1920
7585872,"male","43","english","United States",1080,1920
7247020,"male","37","english","United States",768,1360
3765731,"female","33","english","United States",1080,1920
2087044,"other","37","english","United States",900,1600
4102907,"female","59","english","United States",800,1280
4198857,"male","26","english","United States",615,1024
2368679,"male","25","english","United States",1152,2048
1455326,"female","59","eng","United States",768,1024
8776227,"male","25","english","United States",864,1536
9507299,"female","54","english","United States",900,1600
3457664,"male","38","english","United States",900,1440
4080779,"female","34","english","United States",768,1366
5941791,"male","38","english","United States",1080,1920
3279764,"female","33","english","United States",1080,1920
9623440,"female","29","english","United States",900,1600
1412232,"female","33","english","United States",768,1366
2452804,"male","31","english","United States",1080,1920
7556300,"female","48","english","United States",1050,1680
9677252,"male","27","english","United States",768,1366
2821625,"male","23","english","United States",768,1366
7749253,"male","29","english","United States",960,1707
1752079,"female","28","english","United States",768,1366
4683323,"male","24","english","United States",1080,1920
7236225,"male","29","english","United States",1080,1920
7232633,"male","38","english","United States",1440,2560
6532045,"male","34","english","United States",800,1280
792566,"female","40","english","United States",1080,1920
8744697,"male","34","english","United States",768,1366
3511063,"male","23","english","United States",1080,1920
6986885,"male","35","english","United States",1080,1920
4720372,"female","31","english","United States",846,412
2068354,"female","29","english","United States",864,1152
1589787,"female","45","english","United States",900,1600
9047991,"male","26","english","United States",864,1536
9566238,"female","34","english","United States",768,1024
1908242,"male","45","english","United States",900,1440
7498676,"male","32","english","United States",1080,1920
9587541,"male","23","english","United States",1440,2560
5537078,"male","28","english","United States",800,1280
8192500,"female","34","english","United States",900,1600
6853581,"male","31","english","United States",864,1536
9062563,"female","28","english","United States",900,1600
6037481,"male","28","english","United States",1080,1920
1695844,"male","31","english","United States",1440,2560
5833430,"male","37","english","United States",1080,1920
1898650,"female","32","english","United States",864,1536
7299311,"male","36","englsih","United States",768,1366
8520244,"male","28","english","United States",768,1366
7594822,"male","35","english","United States",1080,1920
6322916,"male","40","english","United States",1080,1920
9704946,"female","36","english","United States",900,1440
5263561,"male","29","english","United States",768,1366
8418530,"female","43","english","United States",720,1280
5457264,"male","30","english","United States",768,1366
9285851,"male","27","english","United States",864,1536
1969059,"female","48","english","United States",900,1440
9154539,"male","29","english","United States",1080,1920
3457924,"male","37","english","United States",1080,1920
9490224,"female","31","english","United States",1080,1920
2694392,"male","25","english","United States",1080,1920
813191,"male","25","english","United States",900,1440
1621584,"male","28","english","United States",768,1360
4773639,"female","25","english","United States",900,1440
5856099,"male","43","english","United States",768,1360
3288006,"male","30","english","United States",768,1366
1068529,"male","59","english","United States",1080,1920
8921206,"male","28","english","United States",864,1536
4499532,"male","45","english","United States",900,1600
542111,"male","38","english","United States",768,1360
9805136,"male","25","english","United States",768,1364
1810387,"female","37","english","United States",1440,2560
1757262,"male","32","english","United States",1024,1280
9798902,"male","37","english","United States",768,1366
531154,"male","39","english","United States",1050,1680
823980,"male","27","english","United States",1080,1920
3890116,"male","32","english","United States",768,1360
4940388,"female","35","english","United States",1080,1920
652672,"male","20","english","United States",1080,1920
8232857,"male","41","english","United States",1200,1920
6681035,"female","33","english","United States",768,1366
8777891,"male","46","english","United States",864,1536
6598462,"male","25","english","United States",768,1366
8444954,"male","18","english","United States",768,1366
8513740,"male","51","english","United States",768,1024
4395678,"male","25","english","United States",864,1536
2469537,"male","43","english","United States",1024,1280
8897517,"male","27","english","United States",720,1280
6310025,"female","52","english","United States",900,1600
376887,"male","35","english","United States",800,1200
224343,"female","39","english","United States",1024,1280
7851845,"male","31","english","United States",1080,1920
6849972,"female","34","english","United States",1080,1920
8285184,"female","29","english","United States",768,1366
135013,"female","31","english","United States",768,1360
4843340,"male","29","english","United States",1440,2560
5077138,"female","25","english","United States",1080,1920
5952601,"female","30","english","United States",768,1366
892248,"male","50","english","United States",1080,1920
9592279,"female","32","english","United States",1080,1920
5407379,"female","42","english","United States",768,1366
8065086,"female","28","english","United States",1080,1920
7378311,"male","28","english","United States",1050,1680
7349518,"female","36","english","United States",768,1366
7862084,"male","39","english","United States",1050,1680
1651957,"female","36","english","United States",900,1600
2399030,"female","30","english","United States",864,1536
3557988,"male","31","english","United States",768,1366
566871,"male","29","english","United States",1080,1920
3310380,"male","28","english","United States",768,1366
7533078,"male","38","english","United States",1080,1920
8612945,"female","29","english","United States",840,1344
8005678,"male","64","english","United States",768,1366
2838716,"male","36","english","United States",1600,2560
3755128,"female","38","english","United States",768,1366
7103761,"female","42","english","United States",768,1364
4661759,"female","46","english","United States",1080,1920
9738974,"female","33","english","United States",768,1366
9771416,"male","31","english","United States",1080,1920
4152833,"male","31","english","United States",900,1600
5191370,"female","55","english","United States",768,1366
5191370,"female","55","english","United States",768,1366
6478299,"female","48","english","United States",720,1280
4736832,"male","27","english","United States",900,1600
3927860,"male","22","english","United States",864,1536
7372613,"male","25","english","United States",1080,1920
1823738,"male","35","english","United States",1080,1920
2656338,"male","55","english","United States",768,1366